source,target,aspect_intercell_source,aspect_intercell_target,category_intercell_source,category_intercell_target,category_source_intercell_source,category_source_intercell_target,consensus_direction,consensus_inhibition,consensus_score_intercell_source,consensus_score_intercell_target,consensus_stimulation,curation_effort,database_intercell_source,database_intercell_target,dip_url,entity_type_intercell_source,entity_type_intercell_target,is_inhibition,is_stimulation,n_primary_sources,n_references,n_sources,parent_intercell_source,parent_intercell_target,plasma_membrane_peripheral_intercell_source,plasma_membrane_peripheral_intercell_target,plasma_membrane_transmembrane_intercell_source,plasma_membrane_transmembrane_intercell_target,receiver_intercell_source,receiver_intercell_target,references,references_stripped,scope_intercell_source,scope_intercell_target,secreted_intercell_source,secreted_intercell_target,sources,transmitter_intercell_source,transmitter_intercell_target,type,uniprot_intercell_source,uniprot_intercell_target
FYN,PTPRC,functional,functional,ligand,receptor,resource_specific,resource_specific,False,False,1,6,False,4,Matrisome;iTALK;CellPhoneDB;GO_Intercell;Ramilowski2015;DGIdb;LRdb;Baccin2019;OmniPath,iTALK;CellCellInteractions;GO_Intercell;ICELLNET;Ramilowski2015;LRdb;Baccin2019;OmniPath,,protein,protein,False,False,2,4,2,ligand,receptor,False,False,False,True,False,True,HPRD:12589038;HPRD:8980254;HPRD:9368621;HPRD:9535845,12589038;8980254;9368621;9535845,generic,generic,False,False,HPRD;PhosphoPoint,True,False,post_translational,P06241,P08575
LGALS9,PTPRC,functional,functional,ligand,receptor,resource_specific,resource_specific,False,False,4,6,False,1,,iTALK;Almen2009;CellCellInteractions;EMBRACE;HGNC;CellPhoneDB;GO_Intercell;Surfaceome;Ramilowski2015;LRdb;Baccin2019;OmniPath,,protein,protein,False,False,1,1,1,ligand,receptor,False,False,False,True,False,True,CellChatDB:30120235,30120235,generic,generic,True,False,CellChatDB,True,False,post_translational,O00182,P08575
FYN,PRKCA,functional,functional,ligand,receptor,resource_specific,resource_specific,True,False,1,1,True,1,Matrisome;iTALK;HGNC;CellPhoneDB;GO_Intercell;ICELLNET;Ramilowski2015;Kirouac2010;Guide2Pharma;LRdb;Baccin2019;OmniPath,iTALK;CellCellInteractions;HGNC;HPMR;Surfaceome;LRdb;OmniPath,,protein,protein,False,True,2,1,2,ligand,receptor,False,False,False,False,False,True,Adhesome:12721299,12721299,generic,generic,False,False,Adhesome;Wang,True,False,post_translational,P06241,P17252
FYN,ITGB3,functional,functional,ligand,receptor,resource_specific,resource_specific,True,False,1,11,True,1,Matrisome;iTALK;EMBRACE;HGNC;CellPhoneDB;GO_Intercell;ICELLNET;Ramilowski2015;Kirouac2010;Guide2Pharma;LRdb;Baccin2019;OmniPath,iTALK;Almen2009;EMBRACE;GO_Intercell;HPMR;Surfaceome;Ramilowski2015;LRdb;Baccin2019;OmniPath,,protein,protein,False,True,2,1,2,ligand,receptor,False,False,False,True,False,True,Adhesome:11940607,11940607,generic,generic,False,False,Adhesome;Wang,True,False,post_translational,P06241,P05106
RELN,ITGB3,functional,functional,ligand,receptor,resource_specific,resource_specific,True,False,6,11,True,0,,iTALK;Almen2009;CellCellInteractions;EMBRACE;CellPhoneDB;ICELLNET;Surfaceome;Ramilowski2015;Baccin2019;SignaLink_function;OmniPath,,protein,protein,False,True,1,,1,ligand,receptor,False,False,False,True,False,True,,,generic,generic,True,False,Wang,True,False,post_translational,P78509,P05106
VTN,ITGB3,functional,functional,ligand,receptor,resource_specific,resource_specific,True,False,8,11,True,6,,iTALK;Almen2009;CellCellInteractions;EMBRACE;HGNC;CellPhoneDB;HPMR;ICELLNET;Surfaceome;Ramilowski2015;LRdb;Baccin2019;OmniPath,,protein,protein,False,True,9,3,15,ligand,receptor,False,False,False,True,False,True,CellTalkDB:11331280;HPRD:16195248;LRdb:11331280;LRdb:16;connectomeDB2020:11331280;connectomeDB2020:16195248,11331280;16;16195248,generic,generic,True,False,CellTalkDB;EMBRACE;Fantom5_LRdb;HPMR_LRdb;HPMR_talklr;HPRD;HPRD_LRdb;HPRD_talklr;LRdb;Ramilowski2015;Reactome_LRdb;Wang;connectomeDB2020;iTALK;talklr,True,False,post_translational,P04004,P05106
THBS1,ITGB3,functional,functional,ligand,receptor,resource_specific,resource_specific,True,False,4,11,True,6,,iTALK;CellCellInteractions;EMBRACE;HGNC;CellPhoneDB;GO_Intercell;Surfaceome;Ramilowski2015;Guide2Pharma;LRdb;Baccin2019;OmniPath,,protein,protein,False,True,9,2,14,ligand,receptor,False,False,False,True,False,True,BioGRID:14963009;BioGRID:2478219;CellTalkDB:2478219;HPRD:2478219;LRdb:2478219;connectomeDB2020:2478219,14963009;2478219,generic,generic,True,False,BioGRID;CellTalkDB;Fantom5_LRdb;HPRD;HPRD_LRdb;HPRD_talklr;LRdb;Ramilowski2015;Reactome_LRdb;UniProt_LRdb;Wang;connectomeDB2020;iTALK;talklr,True,False,post_translational,P07996,P05106
VWF,ITGB3,functional,functional,ligand,receptor,resource_specific,resource_specific,True,False,7,11,True,1,,iTALK;Almen2009;CellCellInteractions;EMBRACE;HGNC;CellPhoneDB;HPMR;ICELLNET;Surfaceome;Ramilowski2015;LRdb;Baccin2019;SignaLink_function;OmniPath,,protein,protein,False,True,3,1,4,ligand,receptor,False,False,False,True,False,True,CellTalkDB:2545728,2545728,generic,generic,True,False,CellTalkDB;LRdb;Reactome_LRdb;Wang,True,False,post_translational,P04275,P05106
ANGPTL3,ITGB3,functional,functional,ligand,receptor,resource_specific,resource_specific,False,False,9,11,False,4,,iTALK;Almen2009;CellCellInteractions;EMBRACE;HGNC;CellPhoneDB;GO_Intercell;HPMR;ICELLNET;Surfaceome;Ramilowski2015;Kirouac2010;Guide2Pharma;LRdb;Baccin2019;OmniPath,,protein,protein,False,False,8,1,11,ligand,receptor,False,False,False,True,False,True,CellTalkDB:11877390;HPRD:11877390;LRdb:11877390;connectomeDB2020:11877390,11877390,generic,generic,True,False,CellTalkDB;EMBRACE;Fantom5_LRdb;HPRD;HPRD_LRdb;HPRD_talklr;LRdb;Ramilowski2015;connectomeDB2020;iTALK;talklr,True,False,post_translational,Q9Y5C1,P05106
FYN,SPN,functional,functional,ligand,receptor,resource_specific,resource_specific,False,False,1,4,False,3,Matrisome;HGNC;GO_Intercell;SignaLink_function;OmniPath,iTALK;CellCellInteractions;GO_Intercell;OmniPath,,protein,protein,False,False,4,2,4,ligand,receptor,False,False,False,True,False,True,CellTalkDB:8910342;HPRD:9603925;LRdb:8910342,8910342;9603925,generic,generic,False,False,CellTalkDB;HPRD;LRdb;PhosphoPoint,True,False,post_translational,P06241,P16150
FYN,CD226,functional,functional,ligand,receptor,resource_specific,resource_specific,False,False,1,7,False,5,Matrisome;HGNC;GO_Intercell;SignaLink_function;OmniPath,iTALK;Almen2009;CellCellInteractions;EMBRACE;HGNC;CellPhoneDB;HPMR;Surfaceome;Ramilowski2015;Guide2Pharma;LRdb;Baccin2019;SignaLink_function;OmniPath,,protein,protein,False,False,4,4,6,ligand,receptor,False,False,False,True,False,True,HPRD:10591186;PhosphoSite:10591186;PhosphoSite:12847109;PhosphoSite:15684041;ProtMapper:21750737,10591186;12847109;15684041;21750737,generic,generic,False,False,HPRD;PhosphoPoint;PhosphoSite;PhosphoSite_ProtMapper;ProtMapper;REACH_ProtMapper,True,False,post_translational,P06241,Q15762
FYN,PTPRE,functional,functional,ligand,receptor,resource_specific,resource_specific,False,False,1,3,False,2,Matrisome;iTALK;EMBRACE;HGNC;CellPhoneDB;GO_Intercell;HPMR;Ramilowski2015;Kirouac2010;LRdb;Baccin2019;SignaLink_function;OmniPath,iTALK;Almen2009;CellCellInteractions;EMBRACE;HGNC;HPMR;Surfaceome;Ramilowski2015;LRdb;Baccin2019;SignaLink_function;OmniPath,,protein,protein,False,False,2,2,2,ligand,receptor,False,False,False,True,False,True,HPRD:14980517;HPRD:15588985,14980517;15588985,generic,generic,False,False,HPRD;PhosphoPoint,True,False,post_translational,P06241,P23469
FYN,PTPRJ,functional,functional,ligand,receptor,resource_specific,resource_specific,False,False,1,6,False,1,Matrisome;iTALK;EMBRACE;HGNC;CellPhoneDB;GO_Intercell;HPMR;Ramilowski2015;Kirouac2010;LRdb;Baccin2019;SignaLink_function;OmniPath,iTALK;CellCellInteractions;EMBRACE;HGNC;CellPhoneDB;GO_Intercell;Surfaceome;Ramilowski2015;Guide2Pharma;LRdb;Baccin2019;OmniPath,,protein,protein,False,False,1,1,4,ligand,receptor,False,False,False,True,False,True,ProtMapper:26556953,26556953,generic,generic,False,False,PhosphoSite_ProtMapper;ProtMapper;REACH_ProtMapper;Sparser_ProtMapper,True,False,post_translational,P06241,Q12913
THBS1,PTPRJ,functional,functional,ligand,receptor,resource_specific,resource_specific,False,False,4,6,False,1,,iTALK;CellCellInteractions;EMBRACE;HGNC;CellPhoneDB;GO_Intercell;HPMR;ICELLNET;Surfaceome;Ramilowski2015;LRdb;Baccin2019;SignaLink_function;OmniPath,,protein,protein,False,False,1,1,1,ligand,receptor,False,False,False,True,False,True,connectomeDB2020:22308318,22308318,generic,generic,True,False,connectomeDB2020,True,False,post_translational,P07996,Q12913
FYN,CD79A,functional,functional,ligand,receptor,resource_specific,resource_specific,True,False,1,6,True,8,Matrisome;iTALK;CellPhoneDB;GO_Intercell;HPMR;Ramilowski2015;Guide2Pharma;DGIdb;LRdb;SignaLink_function;OmniPath,iTALK;Almen2009;CellCellInteractions;EMBRACE;HGNC;CellPhoneDB;HPMR;Surfaceome;Ramilowski2015;LRdb;Baccin2019;SignaLink_function;OmniPath,,protein,protein,False,True,11,3,20,ligand,receptor,False,False,False,True,False,True,HPRD-phos:9531288;HPRD:9531288;KEA:17570479;KEA:9531288;NetPath:8183901;ProtMapper:9531288;iPTMnet:9531288;phosphoELM:9531288,17570479;8183901;9531288,generic,generic,False,False,HPRD;HPRD-phos;HPRD_KEA;HPRD_MIMP;KEA;MIMP;NetPath;NetworKIN_KEA;PhosphoNetworks;PhosphoPoint;PhosphoSite_KEA;PhosphoSite_MIMP;ProtMapper;Reactome_ProtMapper;SIGNOR_ProtMapper;Wang;iPTMnet;phosphoELM;phosphoELM_KEA;phosphoELM_MIMP,True,False,post_translational,P06241,P11912
FYN,SLAMF1,functional,functional,ligand,receptor,resource_specific,resource_specific,True,False,1,3,True,8,Matrisome;iTALK;HGNC;CellPhoneDB;GO_Intercell;ICELLNET;Ramilowski2015;Kirouac2010;Guide2Pharma;LRdb;OmniPath,iTALK;Almen2009;CellCellInteractions;EMBRACE;CellPhoneDB;GO_Intercell;HPMR;Surfaceome;Ramilowski2015;LRdb;OmniPath,,protein,protein,False,True,10,3,19,ligand,receptor,False,False,False,True,False,True,HPRD-phos:11806999;HPRD:11806999;HPRD:12458214;KEA:11806999;KEA:15315965;ProtMapper:11806999;iPTMnet:11806999;phosphoELM:11806999,11806999;12458214;15315965,generic,generic,False,True,HPRD;HPRD-phos;HPRD_KEA;HPRD_MIMP;KEA;MIMP;PhosphoNetworks;PhosphoPoint;PhosphoSite_KEA;PhosphoSite_MIMP;PhosphoSite_ProtMapper;PhosphoSite_noref;ProtMapper;SIGNOR_ProtMapper;Wang;iPTMnet;phosphoELM;phosphoELM_KEA;phosphoELM_MIMP,True,False,post_translational,P06241,Q13291
FYN,FCER1G,functional,functional,ligand,receptor,resource_specific,resource_specific,True,False,1,2,True,0,Matrisome;HGNC;GO_Intercell;Kirouac2010;OmniPath,GO_Intercell;OmniPath,,protein,protein,False,True,2,,3,ligand,receptor,False,False,False,True,False,True,,,generic,generic,False,False,ProtMapper;Reactome_ProtMapper;Wang,True,False,post_translational,P06241,P30273
FYN,F2R,functional,functional,ligand,receptor,resource_specific,resource_specific,False,False,1,11,False,1,Matrisome;HGNC;GO_Intercell;Kirouac2010;OmniPath,iTALK;Almen2009;CellCellInteractions;EMBRACE;HGNC;CellPhoneDB;GO_Intercell;HPMR;ICELLNET;Surfaceome;Ramilowski2015;Kirouac2010;LRdb;Baccin2019;OmniPath,,protein,protein,False,False,1,1,2,ligand,receptor,False,False,False,True,False,True,ProtMapper:24709904,24709904,generic,generic,False,False,ProtMapper;Sparser_ProtMapper,True,False,post_translational,P06241,P25116
CTSG,F2R,functional,functional,ligand,receptor,resource_specific,resource_specific,True,False,1,11,True,1,,iTALK;Almen2009;CellCellInteractions;HGNC;CellPhoneDB;HPMR;ICELLNET;Surfaceome;Ramilowski2015;LRdb;SignaLink_function;OmniPath,,protein,protein,False,True,3,1,3,ligand,receptor,False,False,False,True,False,True,HPRD:10978167,10978167,generic,generic,False,False,CellChatDB;HPRD;Wang,True,False,post_translational,P08311,P25116
PLG,F2R,functional,functional,ligand,receptor,resource_specific,resource_specific,True,False,7,11,True,5,,iTALK;Almen2009;CellCellInteractions;EMBRACE;HGNC;CellPhoneDB;HPMR;Surfaceome;Ramilowski2015;LRdb;Baccin2019;SignaLink_function;OmniPath,,protein,protein,False,True,11,1,15,ligand,receptor,False,False,False,True,False,True,Baccin2019:10978167;CellTalkDB:10978167;HPRD:10978167;LRdb:10978167;connectomeDB2020:10978167,10978167,generic,generic,True,False,Baccin2019;CellChatDB;CellTalkDB;EMBRACE;Fantom5_LRdb;HPRD;HPRD_LRdb;HPRD_talklr;LRdb;Ramilowski2015;Ramilowski2015_Baccin2019;Wang;connectomeDB2020;iTALK;talklr,True,False,post_translational,P00747,P25116
FYN,IGF1R,functional,functional,ligand,receptor,resource_specific,resource_specific,False,False,1,14,False,1,Matrisome;iTALK;CellPhoneDB;GO_Intercell;Ramilowski2015;Guide2Pharma;DGIdb;LRdb;Baccin2019;OmniPath,,,protein,protein,False,False,1,1,2,ligand,receptor,False,False,False,True,False,True,KEA:17570479,17570479,generic,generic,False,False,KEA;NetworKIN_KEA,True,False,post_translational,P06241,P08069
IGF1,IGF1R,functional,functional,ligand,receptor,resource_specific,resource_specific,True,False,14,14,True,25,Matrisome;iTALK;EMBRACE;CellPhoneDB;GO_Intercell;HPMR;ICELLNET;Ramilowski2015;Kirouac2010;Guide2Pharma;DGIdb;LRdb;SignaLink_function;OmniPath,,http://dip.doe-mbi.ucla.edu/dip/DIPview.cgi?IK=10920;http://dip.doe-mbi.ucla.edu/dip/DIPview.cgi?IK=187156,protein,protein,False,True,23,16,36,ligand,receptor,False,False,False,True,False,True,Baccin2019:1852007;Baccin2019:2877871;CA1:8408032;CellChatDB:14604834;CellTalkDB:2877871;DIP:11287679;DIP:21645859;HPMR:2877871;HPRD:1852007;IntAct:21645859;IntAct:8452530;LRdb:185;LRdb:2877871;ProtMapper:19258508;ProtMapper:23675206;SIGNOR:17306385;SIGNOR:19029956;SIGNOR:21798082;SPIKE:1852007;SignaLink3:12067807;SignaLink3:1852007;SignaLink3:21071413;SignaLink3:23331499;connectomeDB2020:1852007;connectomeDB2020:2877871,11287679;12067807;14604834;17306385;185;1852007;19029956;19258508;21071413;21645859;21798082;23331499;23675206;2877871;8408032;8452530,generic,generic,True,False,Baccin2019;CA1;CellChatDB;CellPhoneDB;CellTalkDB;DIP;DLRP_talklr;EMBRACE;Fantom5_LRdb;Guide2Pharma;Guide2Pharma_LRdb;Guide2Pharma_talklr;HPMR;HPMR_LRdb;HPMR_talklr;HPRD;HPRD_LRdb;HPRD_talklr;IntAct;KEGG-MEDICUS;Kirouac2010;LRdb;ProtMapper;REACH_ProtMapper;Ramilowski2015;Ramilowski2015_Baccin2019;SIGNOR;SPIKE;STRING_talklr;SignaLink3;Sparser_ProtMapper;UniProt_LRdb;Wang;connectomeDB2020;iTALK;talklr,True,False,post_translational,P05019,P08069
IGF2,IGF1R,functional,functional,ligand,receptor,resource_specific,resource_specific,True,False,12,14,True,12,Matrisome;iTALK;EMBRACE;HGNC;CellPhoneDB;GO_Intercell;HPMR;ICELLNET;Ramilowski2015;Kirouac2010;Guide2Pharma;LRdb;Baccin2019;SignaLink_function;OmniPath,,,protein,protein,False,True,16,8,24,ligand,receptor,False,False,False,True,False,True,Baccin2019:9972281;CellChatDB:14604834;CellPhoneDB:27102148;CellTalkDB:9972281;HPRD:9972281;LRdb:9972281;SIGNOR:17306385;SIGNOR:22810696;SPIKE:20980691;SignaLink3:11867533;SignaLink3:23331499;connectomeDB2020:9972281,11867533;14604834;17306385;20980691;22810696;23331499;27102148;9972281,generic,generic,True,False,Baccin2019;CellChatDB;CellPhoneDB;CellTalkDB;EMBRACE;Fantom5_LRdb;Guide2Pharma;Guide2Pharma_LRdb;Guide2Pharma_talklr;HPRD;HPRD_LRdb;HPRD_talklr;KEGG-MEDICUS;LRdb;Ramilowski2015;Ramilowski2015_Baccin2019;Reactome_LRdb;SIGNOR;SPIKE;SignaLink3;UniProt_LRdb;connectomeDB2020;iTALK;talklr,True,False,post_translational,P01344,P08069
VEGFB,IGF1R,functional,functional,ligand,receptor,resource_specific,resource_specific,True,False,14,14,True,1,,,,protein,protein,False,True,2,1,2,ligand,receptor,False,False,False,True,False,True,SIGNOR:17306385,17306385,generic,generic,True,False,SIGNOR;Wang,True,False,post_translational,P49765,P08069
FYN,KIT,functional,functional,ligand,receptor,resource_specific,resource_specific,True,False,1,15,True,5,Matrisome;iTALK;CellPhoneDB;GO_Intercell;Ramilowski2015;Guide2Pharma;DGIdb;LRdb;Baccin2019;OmniPath,,,protein,protein,False,True,6,3,7,ligand,receptor,False,False,False,True,False,True,CancerCellMap:9799234;HPRD:12374739;HPRD:9799234;KEA:12374739;NetPath:9038210,12374739;9038210;9799234,generic,generic,False,False,CancerCellMap;HPRD;KEA;NetPath;PhosphoPoint;Wang;phosphoELM_KEA,True,False,post_translational,P06241,P10721
IGF1,KIT,functional,functional,ligand,receptor,resource_specific,resource_specific,True,False,14,15,True,1,Matrisome;iTALK;EMBRACE;HGNC;CellPhoneDB;GO_Intercell;HPMR;Ramilowski2015;Kirouac2010;Guide2Pharma;DGIdb;LRdb;Baccin2019;SignaLink_function;OmniPath,,,protein,protein,False,True,1,1,1,ligand,receptor,False,False,False,True,False,True,SIGNOR:17306385,17306385,generic,generic,True,False,SIGNOR,True,False,post_translational,P05019,P10721
IGF2,KIT,functional,functional,ligand,receptor,resource_specific,resource_specific,True,False,12,15,True,1,Matrisome;iTALK;EMBRACE;HGNC;CellPhoneDB;GO_Intercell;HPMR;ICELLNET;Ramilowski2015;Kirouac2010;Guide2Pharma;DGIdb;LRdb;Baccin2019;OmniPath,,,protein,protein,False,True,1,1,1,ligand,receptor,False,False,False,True,False,True,SIGNOR:17306385,17306385,generic,generic,True,False,SIGNOR,True,False,post_translational,P01344,P10721
VEGFB,KIT,functional,functional,ligand,receptor,resource_specific,resource_specific,True,False,14,15,True,1,,,,protein,protein,False,True,1,1,1,ligand,receptor,False,False,False,True,False,True,SIGNOR:17306385,17306385,generic,generic,True,False,SIGNOR,True,False,post_translational,P49765,P10721
FYN,SDC3,functional,functional,ligand,receptor,resource_specific,resource_specific,False,False,1,7,False,2,Matrisome;iTALK;CellPhoneDB;GO_Intercell;Ramilowski2015;Guide2Pharma;DGIdb;LRdb;Baccin2019;OmniPath,,,protein,protein,False,False,3,2,4,ligand,receptor,False,False,False,True,False,True,HPRD:9553134;KEA:17570479,17570479;9553134,generic,generic,False,False,HPRD;KEA;NetworKIN_KEA;PhosphoPoint,True,False,post_translational,P06241,O75056
THBS1,SDC3,functional,functional,ligand,receptor,resource_specific,resource_specific,True,False,4,7,True,0,,,,protein,protein,False,True,1,,1,ligand,receptor,False,False,False,True,False,True,,,generic,generic,True,False,Wang,True,False,post_translational,P07996,O75056
ANGPTL4,SDC3,functional,functional,ligand,receptor,resource_specific,resource_specific,False,False,5,7,False,1,,,,protein,protein,False,False,1,1,1,ligand,receptor,False,False,False,True,False,True,CellChatDB:29017031,29017031,generic,generic,True,False,CellChatDB,True,False,post_translational,Q9BY76,O75056
FYN,CSF2RB,functional,functional,ligand,receptor,resource_specific,resource_specific,False,False,1,11,False,3,Matrisome;iTALK;EMBRACE;CellPhoneDB;Ramilowski2015;LRdb;Baccin2019;SignaLink_function;OmniPath,,,protein,protein,False,False,5,2,5,ligand,receptor,False,False,False,True,False,True,HPRD:9195918;InnateDB:18322230;NetPath:9195918,18322230;9195918,generic,generic,False,False,HPRD;InnateDB;NetPath;PhosphoPoint;Wang,True,False,post_translational,P06241,P32927
KIT,CSF2RB,functional,functional,ligand,receptor,resource_specific,resource_specific,False,False,1,11,False,3,LRdb;OmniPath,,,protein,protein,False,False,5,1,5,ligand,receptor,False,False,True,True,False,True,CancerCellMap:15308671;HPRD:15308671;NetPath:15308671,15308671,generic,generic,False,False,CancerCellMap;HPRD;NetPath;PhosphoPoint;Wang,True,False,post_translational,P10721,P32927
FYN,CD55,functional,functional,ligand,receptor,resource_specific,resource_specific,False,False,1,3,False,1,Matrisome;iTALK;EMBRACE;CellPhoneDB;Ramilowski2015;LRdb;Baccin2019;SignaLink_function;OmniPath,,,protein,protein,False,False,2,1,2,ligand,receptor,False,True,False,True,False,True,HPRD:1385527,1385527,generic,generic,False,True,HPRD;PhosphoPoint,True,False,post_translational,P06241,P08174
FYN,GP6,functional,functional,ligand,receptor,resource_specific,resource_specific,False,False,1,3,False,2,iTALK;EMBRACE;HPMR;Ramilowski2015;LRdb;Baccin2019;OmniPath,,,protein,protein,False,False,2,2,2,ligand,receptor,False,False,False,True,False,True,HPRD:11943772;HPRD:1715582,11943772;1715582,generic,generic,False,False,HPRD;PhosphoPoint,True,False,post_translational,P06241,Q9HCN6
FYN,CD44,functional,functional,ligand,receptor,resource_specific,resource_specific,False,False,1,10,False,1,iTALK;EMBRACE;HPMR;Ramilowski2015;LRdb;Baccin2019;OmniPath,,,protein,protein,False,False,2,1,2,ligand,receptor,False,False,False,True,False,True,HPRD:9573028,9573028,generic,generic,False,True,HPRD;PhosphoPoint,True,False,post_translational,P06241,P16070
LGALS9,CD44,functional,functional,ligand,receptor,resource_specific,resource_specific,False,False,4,10,False,4,,,,protein,protein,False,False,5,3,6,ligand,receptor,False,False,False,True,False,True,CellChatDB:25065622;CellTalkDB:32103204;InnateDB:20206131;connectomeDB2020:25065622,20206131;25065622;32103204,generic,generic,True,True,CellChatDB;CellPhoneDB;CellTalkDB;InnateDB;InnateDB_CellPhoneDB;connectomeDB2020,True,False,post_translational,O00182,P16070
FYN,ITGA6,functional,functional,ligand,receptor,resource_specific,resource_specific,False,False,1,10,False,0,iTALK;EMBRACE;HPMR;Ramilowski2015;LRdb;Baccin2019;OmniPath,,,protein,protein,False,False,1,,1,ligand,receptor,False,False,False,True,False,True,,,generic,generic,False,False,PhosphoPoint,True,False,post_translational,P06241,P23229
RELN,ITGA6,functional,functional,ligand,receptor,resource_specific,resource_specific,True,False,6,10,True,0,,,,protein,protein,False,True,1,,1,ligand,receptor,False,False,False,True,False,True,,,generic,generic,True,False,Wang,True,False,post_translational,P78509,P23229
VTN,ITGA6,functional,functional,ligand,receptor,resource_specific,resource_specific,True,False,8,10,True,0,,,,protein,protein,False,True,1,,1,ligand,receptor,False,False,False,True,False,True,,,generic,generic,True,False,Wang,True,False,post_translational,P04004,P23229
THBS1,ITGA6,functional,functional,ligand,receptor,resource_specific,resource_specific,True,False,4,10,True,5,,,,protein,protein,False,True,7,1,9,ligand,receptor,False,False,False,True,False,True,CellTalkDB:12909644;LRdb:12909644;Ramilowski2015:12909644;connectomeDB2020:12909644;talklr:12909644,12909644,generic,generic,True,False,CellTalkDB;Fantom5_LRdb;LRdb;Ramilowski2015;STRING_talklr;Wang;connectomeDB2020;iTALK;talklr,True,False,post_translational,P07996,P23229
VWF,ITGA6,functional,functional,ligand,receptor,resource_specific,resource_specific,True,False,7,10,True,0,,,,protein,protein,False,True,1,,1,ligand,receptor,False,False,False,True,False,True,,,generic,generic,True,False,Wang,True,False,post_translational,P04275,P23229
FYN,ITGB2,functional,functional,ligand,receptor,resource_specific,resource_specific,True,False,1,11,True,0,iTALK;EMBRACE;Ramilowski2015;LRdb;OmniPath,,,protein,protein,False,True,1,,1,ligand,receptor,False,False,False,True,False,True,,,generic,generic,False,False,Wang,True,False,post_translational,P06241,P05107
KNG1,ITGB2,functional,functional,ligand,receptor,resource_specific,resource_specific,False,False,8,11,False,4,,,,protein,protein,False,False,7,1,11,ligand,receptor,False,False,False,True,False,True,CellTalkDB:10845911;HPRD:10845911;LRdb:10845911;connectomeDB2020:10845911,10845911,generic,generic,True,False,CellTalkDB;Fantom5_LRdb;HPRD;HPRD_LRdb;HPRD_talklr;LRdb;Ramilowski2015;STRING_talklr;connectomeDB2020;iTALK;talklr,True,False,post_translational,P01042,P05107
HP,ITGB2,functional,functional,ligand,receptor,resource_specific,resource_specific,False,False,4,11,False,4,,,,protein,protein,False,False,8,2,11,ligand,receptor,False,False,False,True,False,True,CellTalkDB:11967116;HPRD:11967116;LRdb:11967116;connectomeDB2020:8786317,11967116;8786317,generic,generic,True,False,CellTalkDB;EMBRACE;Fantom5_LRdb;HPRD;HPRD_LRdb;HPRD_talklr;LRdb;Ramilowski2015;connectomeDB2020;iTALK;talklr,True,False,post_translational,P00738,P05107
APOB,ITGB2,functional,functional,ligand,receptor,resource_specific,resource_specific,False,False,5,11,False,1,,,,protein,protein,False,False,5,1,7,ligand,receptor,False,False,False,True,False,True,CellTalkDB:32196115,32196115,generic,generic,True,False,CellTalkDB;EMBRACE;Fantom5_LRdb;LRdb;STRING_talklr;iTALK;talklr,True,False,post_translational,P04114,P05107
VCAM1,ITGB2,functional,functional,ligand,receptor,resource_specific,resource_specific,True,False,7,11,True,3,,,,protein,protein,False,True,7,1,11,ligand,receptor,False,False,True,True,False,True,CellTalkDB:10438935;LRdb:10438935;connectomeDB2020:10438935,10438935,generic,generic,False,False,CellTalkDB;Fantom5_LRdb;HPMR_LRdb;HPMR_talklr;LRdb;Ramilowski2015;STRING_talklr;Wang;connectomeDB2020;iTALK;talklr,True,False,post_translational,P19320,P05107
PLG,ITGB2,functional,functional,ligand,receptor,resource_specific,resource_specific,False,False,7,11,False,1,,,,protein,protein,False,False,5,1,7,ligand,receptor,False,False,False,True,False,True,CellTalkDB:32196115,32196115,generic,generic,True,False,CellTalkDB;EMBRACE;Fantom5_LRdb;LRdb;STRING_talklr;iTALK;talklr,True,False,post_translational,P00747,P05107
S100A8,ITGB2,functional,functional,ligand,receptor,resource_specific,resource_specific,False,False,5,11,False,1,,,,protein,protein,False,False,1,1,1,ligand,receptor,False,False,False,True,False,True,CellTalkDB:9570563,9570563,generic,generic,True,False,CellTalkDB,True,False,post_translational,P05109,P05107
S100A9,ITGB2,functional,functional,ligand,receptor,resource_specific,resource_specific,False,False,4,11,False,1,,,,protein,protein,False,False,1,1,1,ligand,receptor,False,False,False,True,False,True,CellTalkDB:9570563,9570563,generic,generic,True,False,CellTalkDB,True,False,post_translational,P06702,P05107
ICAM2,ITGB2,functional,functional,ligand,receptor,resource_specific,resource_specific,True,False,5,11,True,6,,,,protein,protein,False,True,9,3,15,ligand,receptor,False,False,True,True,False,True,CellTalkDB:15023143;HPRD:9786897;LRdb:15023143;LRdb:98;connectomeDB2020:15023143;connectomeDB2020:9786897,15023143;9786897;98,generic,generic,False,False,CellTalkDB;EMBRACE;Fantom5_LRdb;HPMR_LRdb;HPMR_talklr;HPRD;HPRD_LRdb;HPRD_talklr;LRdb;Ramilowski2015;UniProt_LRdb;Wang;connectomeDB2020;iTALK;talklr,True,False,post_translational,P13598,P05107
DLK1,NOTCH2,functional,functional,ligand,receptor,resource_specific,resource_specific,False,False,4,13,False,5,,,,protein,protein,False,False,7,1,8,ligand,receptor,False,False,True,True,False,True,CellChatDB:22353464;CellPhoneDB:22353464;CellTalkDB:22353464;LRdb:22353464;connectomeDB2020:22353464,22353464,generic,generic,False,False,CellChatDB;CellPhoneDB;CellTalkDB;DLRP_talklr;LRdb;connectomeDB2020;iTALK;talklr,True,False,post_translational,P80370,Q04721
IGF1,CSF1R,functional,functional,ligand,receptor,resource_specific,resource_specific,True,False,14,15,True,1,iTALK;EMBRACE;HGNC;CellPhoneDB;GO_Intercell;HPMR;Ramilowski2015;Guide2Pharma;DGIdb;LRdb;Baccin2019;OmniPath,,,protein,protein,False,True,1,1,1,ligand,receptor,False,False,False,True,False,True,SIGNOR:17306385,17306385,generic,generic,True,False,SIGNOR,True,False,post_translational,P05019,P07333
IGF2,CSF1R,functional,functional,ligand,receptor,resource_specific,resource_specific,True,False,12,15,True,1,Matrisome;iTALK;EMBRACE;HGNC;CellPhoneDB;GO_Intercell;Ramilowski2015;DGIdb;LRdb;Baccin2019;OmniPath,,,protein,protein,False,True,1,1,1,ligand,receptor,False,False,False,True,False,True,SIGNOR:17306385,17306385,generic,generic,True,False,SIGNOR,True,False,post_translational,P01344,P07333
VEGFB,CSF1R,functional,functional,ligand,receptor,resource_specific,resource_specific,True,False,14,15,True,1,,,,protein,protein,False,True,1,1,1,ligand,receptor,False,False,False,True,False,True,SIGNOR:17306385,17306385,generic,generic,True,False,SIGNOR,True,False,post_translational,P49765,P07333
IGF1,RYK,functional,functional,ligand,receptor,resource_specific,resource_specific,True,False,14,11,True,1,iTALK;HGNC;CellPhoneDB;GO_Intercell;HPMR;Ramilowski2015;Guide2Pharma;DGIdb;LRdb;OmniPath,,,protein,protein,False,True,1,1,1,ligand,receptor,False,False,False,True,False,True,SIGNOR:17306385,17306385,generic,generic,True,False,SIGNOR,True,False,post_translational,P05019,P34925
IGF2,RYK,functional,functional,ligand,receptor,resource_specific,resource_specific,True,False,12,11,True,1,iTALK;EMBRACE;Ramilowski2015;LRdb;SignaLink_function;OmniPath,,,protein,protein,False,True,1,1,1,ligand,receptor,False,False,False,True,False,True,SIGNOR:17306385,17306385,generic,generic,True,False,SIGNOR,True,False,post_translational,P01344,P34925
VEGFB,RYK,functional,functional,ligand,receptor,resource_specific,resource_specific,True,False,14,11,True,1,,,,protein,protein,False,True,1,1,1,ligand,receptor,False,False,False,True,False,True,SIGNOR:17306385,17306385,generic,generic,True,False,SIGNOR,True,False,post_translational,P49765,P34925
VWF,THBS1,functional,functional,ligand,receptor,resource_specific,resource_specific,True,True,7,1,False,0,,,,protein,protein,True,False,1,,1,ligand,receptor,False,False,False,False,False,True,,,generic,generic,True,True,Wang,True,False,post_translational,P04275,P07996
IGF1,IGF2R,functional,functional,ligand,receptor,resource_specific,resource_specific,False,False,14,11,False,1,iTALK;EMBRACE;HGNC;CellPhoneDB;GO_Intercell;HPMR;Ramilowski2015;Guide2Pharma;DGIdb;LRdb;Baccin2019;OmniPath,,,protein,protein,False,False,3,1,4,ligand,receptor,False,False,False,True,False,True,CellTalkDB:32196115,32196115,generic,generic,True,False,CellTalkDB;Kirouac2010;LRdb;UniProt_LRdb,True,False,post_translational,P05019,P11717
IGF2,IGF2R,functional,functional,ligand,receptor,resource_specific,resource_specific,True,False,12,11,True,25,Matrisome;iTALK;EMBRACE;HGNC;CellPhoneDB;GO_Intercell;HPMR;ICELLNET;Ramilowski2015;Kirouac2010;Guide2Pharma;LRdb;Baccin2019;SignaLink_function;OmniPath,,http://dip.doe-mbi.ucla.edu/dip/DIPview.cgi?IK=58938,protein,protein,False,True,18,10,26,ligand,receptor,False,False,False,True,False,True,Baccin2019:2964083;Baccin2019:7797478;Baccin2019:9722981;CellChatDB:14604834;CellTalkDB:2964083;DIP:11502794;DIP:17850746;DOMINO:18046459;HPMR:2852162;HPMR:2964083;HPRD:7797478;HPRD:9722981;LRdb:2964083;LRdb:7797478;LRdb:9722981;Lit-BM-17:11502794;Lit-BM-17:17850746;Lit-BM-17:18046459;SIGNOR:11867533;SPIKE:18046459;SPIKE:20980691;connectomeDB2020:2964083;connectomeDB2020:7797478;connectomeDB2020:9722981,11502794;11867533;14604834;17850746;18046459;20980691;2852162;2964083;7797478;9722981,generic,generic,True,False,Baccin2019;CellChatDB;CellPhoneDB;CellTalkDB;DIP;DLRP_talklr;DOMINO;EMBRACE;Fantom5_LRdb;HPMR;HPMR_LRdb;HPMR_talklr;HPRD;HPRD_LRdb;HPRD_talklr;LRdb;Lit-BM-17;Ramilowski2015;Ramilowski2015_Baccin2019;SIGNOR;SPIKE;UniProt_LRdb;Wang;connectomeDB2020;iTALK;talklr,True,False,post_translational,P01344,P11717
PLG,IGF2R,functional,functional,ligand,receptor,resource_specific,resource_specific,False,False,7,11,False,0,,,,protein,protein,False,False,1,,1,ligand,receptor,False,False,False,True,False,True,,,generic,generic,True,False,CellTalkDB,True,False,post_translational,P00747,P11717
IGF1,ITGB3,functional,functional,ligand,receptor,resource_specific,resource_specific,False,False,14,9,False,2,iTALK;EMBRACE;HGNC;CellPhoneDB;GO_Intercell;HPMR;Ramilowski2015;Guide2Pharma;DGIdb;LRdb;Baccin2019;OmniPath,,,protein,complex,False,False,1,2,1,ligand,receptor,False,False,False,True,False,True,CellChatDB:28190785;CellChatDB:28873464,28190785;28873464,generic,generic,True,False,CellChatDB,True,False,post_translational,P05019,COMPLEX:P05106_P06756
IGF2,ITGB3,functional,functional,ligand,receptor,resource_specific,resource_specific,False,False,12,9,False,2,iTALK;EMBRACE;CellPhoneDB;ICELLNET;Ramilowski2015;LRdb;SignaLink_function;OmniPath,,,protein,complex,False,False,1,2,1,ligand,receptor,False,False,False,True,False,True,CellChatDB:28190785;CellChatDB:28873464,28190785;28873464,generic,generic,True,False,CellChatDB,True,False,post_translational,P01344,COMPLEX:P05106_P06756
ANGPTL4,ITGB3,functional,functional,ligand,receptor,resource_specific,resource_specific,False,False,5,9,False,1,,,,protein,complex,False,False,1,1,1,ligand,receptor,False,False,False,True,False,True,CellChatDB:30049845,30049845,generic,generic,True,False,CellChatDB,True,False,post_translational,Q9BY76,COMPLEX:P05106_P06756
CCL3,CCR2,functional,functional,ligand,receptor,resource_specific,resource_specific,True,False,11,12,True,0,,,,protein,protein,False,True,1,,1,ligand,receptor,False,False,False,True,False,True,,,generic,generic,True,False,Wang,True,False,post_translational,P10147,P41597
CCL7,CCR2,functional,functional,ligand,receptor,resource_specific,resource_specific,True,False,10,12,True,18,,,http://dip.doe-mbi.ucla.edu/dip/DIPview.cgi?IK=10450,protein,protein,False,True,14,12,22,ligand,receptor,False,False,False,True,False,True,CellPhoneDB:24218476;DIP:8530354;DIP:9195948;DIP:9312096;DIP:9336350;Guide2Pharma:12554737;Guide2Pharma:9276730;Guide2Pharma:9346309;HPRD:8530354;ICELLNET:22633458;InnateDB:7759884;InnateDB:8530354;InnateDB:9115216;LRdb:10699158;connectomeDB2020:12554737;connectomeDB2020:8530354;connectomeDB2020:9276730;connectomeDB2020:9346309,10699158;12554737;22633458;24218476;7759884;8530354;9115216;9195948;9276730;9312096;9336350;9346309,generic,generic,True,False,CellChatDB;CellPhoneDB;CellTalkDB;DIP;DLRP_talklr;Fantom5_LRdb;Guide2Pharma;Guide2Pharma_LRdb;Guide2Pharma_talklr;HPMR_LRdb;HPMR_talklr;HPRD;HPRD_LRdb;HPRD_talklr;ICELLNET;InnateDB;LRdb;Ramilowski2015;Wang;connectomeDB2020;iTALK;talklr,True,False,post_translational,P80098,P41597
CCL24,CCR2,functional,functional,ligand,receptor,resource_specific,resource_specific,True,True,11,12,False,5,,,,protein,protein,True,True,10,1,15,ligand,receptor,False,False,False,True,False,True,Baccin2019:15207250;CellTalkDB:15207250;Guide2Pharma:15207250;LRdb:15207250;connectomeDB2020:15207250,15207250,generic,generic,True,False,Baccin2019;CellPhoneDB;CellTalkDB;Fantom5_LRdb;Guide2Pharma;Guide2Pharma_CellPhoneDB;Guide2Pharma_LRdb;Guide2Pharma_talklr;LRdb;Ramilowski2015;Ramilowski2015_Baccin2019;Wang;connectomeDB2020;iTALK;talklr,True,False,post_translational,O00175,P41597
PPBP,CCR2,functional,functional,ligand,receptor,resource_specific,resource_specific,True,False,11,12,True,0,,,,protein,protein,False,True,1,,1,ligand,receptor,False,False,False,True,False,True,,,generic,generic,True,False,Wang,True,False,post_translational,P02775,P41597
PF4,CCR2,functional,functional,ligand,receptor,resource_specific,resource_specific,True,False,9,12,True,0,,,,protein,protein,False,True,1,,1,ligand,receptor,False,False,False,True,False,True,,,generic,generic,True,False,Wang,True,False,post_translational,P02776,P41597
CCL7,ACKR1,functional,functional,ligand,receptor,resource_specific,resource_specific,False,False,10,10,False,5,,,,protein,protein,False,False,9,3,13,ligand,receptor,False,False,False,True,False,True,CellChatDB:26740381;HPRD:13679391;LRdb:10699158;LRdb:13679391;connectomeDB2020:13679391,10699158;13679391;26740381,generic,generic,True,False,CellChatDB;CellPhoneDB;CellTalkDB;Fantom5_LRdb;HPRD;HPRD_LRdb;HPRD_talklr;I2D_CellPhoneDB;LRdb;Ramilowski2015;connectomeDB2020;iTALK;talklr,True,False,post_translational,P80098,Q16570
PPBP,ACKR1,functional,functional,ligand,receptor,resource_specific,resource_specific,False,False,11,10,False,2,,,,protein,protein,False,False,4,1,5,ligand,receptor,False,False,False,True,False,True,CellTalkDB:10699158;LRdb:10699158,10699158,generic,generic,True,False,CellTalkDB;DLRP_talklr;LRdb;iTALK;talklr,True,False,post_translational,P02775,Q16570
PF4,ACKR1,functional,functional,ligand,receptor,resource_specific,resource_specific,False,False,9,10,False,2,,,,protein,protein,False,False,3,2,5,ligand,receptor,False,False,False,True,False,True,CellTalkDB:32103204;InnateDB:8132497,32103204;8132497,generic,generic,True,False,CellPhoneDB;CellTalkDB;I2D_CellPhoneDB;InnateDB;InnateDB_CellPhoneDB,True,False,post_translational,P02776,Q16570
VCAM1,EZR,functional,functional,ligand,receptor,resource_specific,resource_specific,False,False,7,1,False,4,,,,protein,protein,False,False,5,1,5,ligand,receptor,False,False,True,False,False,True,CellTalkDB:12082081;HPRD:12082081;InnateDB:12082081;LRdb:12082081,12082081,generic,generic,False,False,CellTalkDB;HPRD;InnateDB;LRdb;Wang,True,False,post_translational,P19320,P15311
KIT,CD81,functional,functional,ligand,receptor,resource_specific,resource_specific,False,False,1,6,False,1,LRdb;OmniPath,,,protein,protein,False,False,2,1,2,ligand,receptor,False,False,True,True,False,True,HPRD:12036870,12036870,generic,generic,False,False,HPRD;PhosphoPoint,True,False,post_translational,P10721,P60033
KIT,CD63,functional,functional,ligand,receptor,resource_specific,resource_specific,False,False,1,7,False,0,LRdb;OmniPath,,,protein,protein,False,False,1,,1,ligand,receptor,False,False,True,True,False,True,,,generic,generic,False,True,PhosphoPoint,True,False,post_translational,P10721,P08962
VEGFB,ADRB2,functional,functional,ligand,receptor,resource_specific,resource_specific,False,False,14,10,False,0,,,,protein,protein,False,False,1,,2,ligand,receptor,False,False,False,True,False,True,,,generic,generic,True,False,CellPhoneDB;InnateDB-All_CellPhoneDB,True,False,post_translational,P49765,P07550
APOB,ADRB2,functional,functional,ligand,receptor,resource_specific,resource_specific,False,False,5,10,False,1,,,,protein,protein,False,False,2,1,3,ligand,receptor,False,False,False,True,False,True,CellTalkDB:32196115,32196115,generic,generic,True,False,CellTalkDB;LRdb;Reactome_LRdb,True,False,post_translational,P04114,P07550
COPA,CD74,functional,functional,ligand,receptor,resource_specific,resource_specific,False,False,4,9,False,0,,,,protein,protein,False,False,1,,3,ligand,receptor,False,False,False,True,False,True,,,generic,generic,True,False,CellPhoneDB;IMEx_CellPhoneDB;IntAct_CellPhoneDB,True,False,post_translational,P53621,P04233
THBS1,VCAM1,functional,functional,ligand,receptor,resource_specific,resource_specific,True,False,4,2,True,0,,,,protein,protein,False,True,1,,1,ligand,receptor,False,False,False,True,False,True,,,generic,generic,True,False,Wang,True,False,post_translational,P07996,P19320
CTSG,AGT,functional,functional,ligand,receptor,resource_specific,composite,True,False,1,0,True,2,,,,protein,protein,False,True,2,2,2,ligand,receptor,False,False,False,False,False,True,HPRD:10899625;HPRD:11747312,10899625;11747312,generic,generic,False,True,HPRD;Wang,True,False,post_translational,P08311,P01019
CTSG,C3,functional,functional,ligand,receptor,resource_specific,resource_specific,True,False,1,1,True,3,,,,protein,protein,False,True,4,2,4,ligand,receptor,False,False,False,False,False,True,HPRD:1861080;InnateDB:24315997;SIGNOR:1861080,1861080;24315997,generic,generic,False,True,HPRD;InnateDB;SIGNOR;Wang,True,False,post_translational,P08311,P01024
GRN,TNFRSF1A,functional,functional,ligand,receptor,resource_specific,resource_specific,True,True,3,13,False,5,,,,protein,protein,True,False,6,2,9,ligand,receptor,False,False,False,True,False,True,CellTalkDB:24070898;IntAct:24070898;Lit-BM-17:24070898;SIGNOR:21393509;connectomeDB2020:21393509,21393509;24070898,generic,generic,True,True,CellPhoneDB;CellTalkDB;IMEx_CellPhoneDB;InnateDB-All_CellPhoneDB;IntAct;Lit-BM-17;MINT_CellPhoneDB;SIGNOR;connectomeDB2020,True,False,post_translational,P28799,P19438
VWF,SIRPA,functional,functional,ligand,receptor,resource_specific,resource_specific,False,False,7,4,False,1,,,,protein,protein,False,False,4,1,6,ligand,receptor,False,False,False,True,False,True,CellTalkDB:32196115,32196115,generic,generic,True,False,CellTalkDB;Fantom5_LRdb;LRdb;STRING_talklr;iTALK;talklr,True,False,post_translational,P04275,P78324
RELN,ITGA4,functional,functional,ligand,receptor,resource_specific,resource_specific,True,False,6,9,True,0,,,,protein,protein,False,True,1,,1,ligand,receptor,False,False,False,True,False,True,,,generic,generic,True,False,Wang,True,False,post_translational,P78509,P13612
VTN,ITGA4,functional,functional,ligand,receptor,resource_specific,resource_specific,True,False,8,9,True,0,,,,protein,protein,False,True,1,,1,ligand,receptor,False,False,False,True,False,True,,,generic,generic,True,False,Wang,True,False,post_translational,P04004,P13612
THBS1,ITGA4,functional,functional,ligand,receptor,resource_specific,resource_specific,True,False,4,9,True,5,,,,protein,protein,False,True,7,1,9,ligand,receptor,False,False,False,True,False,True,CellTalkDB:14699013;LRdb:14699013;Ramilowski2015:14699013;connectomeDB2020:14699013;talklr:14699013,14699013,generic,generic,True,False,CellTalkDB;Fantom5_LRdb;LRdb;Ramilowski2015;STRING_talklr;Wang;connectomeDB2020;iTALK;talklr,True,False,post_translational,P07996,P13612
VWF,ITGA4,functional,functional,ligand,receptor,resource_specific,resource_specific,True,False,7,9,True,0,,,,protein,protein,False,True,1,,1,ligand,receptor,False,False,False,True,False,True,,,generic,generic,True,False,Wang,True,False,post_translational,P04275,P13612
VCAM1,ITGA4,functional,functional,ligand,receptor,resource_specific,resource_specific,True,False,7,9,True,6,,,,protein,protein,False,True,9,3,14,ligand,receptor,False,False,True,True,False,True,BioGRID:22623428;CellTalkDB:11751331;LRdb:11751331;Lit-BM-17:19738201;Lit-BM-17:22623428;connectomeDB2020:11751331,11751331;19738201;22623428,generic,generic,False,False,BioGRID;CellTalkDB;Fantom5_LRdb;HPMR_LRdb;HPMR_talklr;LRdb;Lit-BM-17;Ramilowski2015;STRING_talklr;UniProt_LRdb;Wang;connectomeDB2020;iTALK;talklr,True,False,post_translational,P19320,P13612
KNG1,GP1BA,functional,functional,ligand,receptor,resource_specific,resource_specific,False,False,8,7,False,4,,,,protein,protein,False,False,7,1,10,ligand,receptor,False,False,False,True,False,True,CellTalkDB:9269768;HPRD:9269768;LRdb:9269768;connectomeDB2020:9269768,9269768,generic,generic,True,False,CellTalkDB;Fantom5_LRdb;HPRD;HPRD_LRdb;HPRD_talklr;LRdb;Ramilowski2015;connectomeDB2020;iTALK;talklr,True,False,post_translational,P01042,P07359
VWF,GP1BA,functional,functional,ligand,receptor,resource_specific,resource_specific,True,False,7,7,True,20,,,,protein,protein,False,True,13,6,18,ligand,receptor,False,False,False,True,False,True,Baccin2019:12087105;Baccin2019:12183630;Baccin2019:6336654;BioGRID:12183630;BioGRID:2690940;BioGRID:7690774;CellTalkDB:12183630;HPRD:12087105;HPRD:12183630;HPRD:6336654;IntAct:12183630;IntAct:15039442;LRdb:12087105;LRdb:12183630;LRdb:6336654;Lit-BM-17:12183630;Lit-BM-17:15039442;connectomeDB2020:12087105;connectomeDB2020:12183630;connectomeDB2020:6336654,12087105;12183630;15039442;2690940;6336654;7690774,generic,generic,True,False,Baccin2019;BioGRID;CellTalkDB;EMBRACE;Fantom5_LRdb;HPRD;HPRD_LRdb;HPRD_talklr;IntAct;LRdb;Lit-BM-17;Ramilowski2015;Ramilowski2015_Baccin2019;STRING_talklr;Wang;connectomeDB2020;iTALK;talklr,True,False,post_translational,P04275,P07359
THBS1,SCARB1,functional,functional,ligand,receptor,resource_specific,resource_specific,False,False,4,11,False,1,,,,protein,protein,False,False,4,1,6,ligand,receptor,False,False,False,True,False,True,CellTalkDB:32196115,32196115,generic,generic,True,False,CellTalkDB;Fantom5_LRdb;LRdb;STRING_talklr;iTALK;talklr,True,False,post_translational,P07996,Q8WTV0
APOE,SCARB1,functional,functional,ligand,receptor,resource_specific,resource_specific,False,False,6,11,False,5,,,,protein,protein,False,False,9,1,14,ligand,receptor,False,False,False,True,False,True,Baccin2019:12138091;CellTalkDB:12138091;HPRD:12138091;LRdb:12138091;connectomeDB2020:12138091,12138091,generic,generic,True,False,Baccin2019;CellTalkDB;EMBRACE;Fantom5_LRdb;HPRD;HPRD_LRdb;HPRD_talklr;LRdb;Ramilowski2015;Ramilowski2015_Baccin2019;STRING_talklr;connectomeDB2020;iTALK;talklr,True,False,post_translational,P02649,Q8WTV0
RELN,ITGA2B,functional,functional,ligand,receptor,resource_specific,resource_specific,True,False,6,10,True,0,,,,protein,protein,False,True,1,,1,ligand,receptor,False,False,False,True,False,True,,,generic,generic,True,False,Wang,True,False,post_translational,P78509,P08514
VTN,ITGA2B,functional,functional,ligand,receptor,resource_specific,resource_specific,True,False,8,10,True,1,,,,protein,protein,False,True,6,1,8,ligand,receptor,False,False,False,True,False,True,CellTalkDB:1692034,1692034,generic,generic,True,False,CellTalkDB;EMBRACE;Fantom5_LRdb;LRdb;STRING_talklr;Wang;iTALK;talklr,True,False,post_translational,P04004,P08514
THBS1,ITGA2B,functional,functional,ligand,receptor,resource_specific,resource_specific,True,False,4,10,True,5,,,,protein,protein,False,True,7,1,9,ligand,receptor,False,False,False,True,False,True,CellTalkDB:2478219;LRdb:2478219;Ramilowski2015:2478219;connectomeDB2020:2478219;talklr:2478219,2478219,generic,generic,True,False,CellTalkDB;Fantom5_LRdb;LRdb;Ramilowski2015;STRING_talklr;Wang;connectomeDB2020;iTALK;talklr,True,False,post_translational,P07996,P08514
VWF,ITGA2B,functional,functional,ligand,receptor,resource_specific,resource_specific,True,False,7,10,True,4,,,,protein,protein,False,True,9,2,12,ligand,receptor,False,False,False,True,False,True,CellTalkDB:31035301;HPRD:1737795;LRdb:1737795;connectomeDB2020:1737795,1737795;31035301,generic,generic,True,False,CellTalkDB;EMBRACE;Fantom5_LRdb;HPRD;HPRD_LRdb;HPRD_talklr;LRdb;Ramilowski2015;Wang;connectomeDB2020;iTALK;talklr,True,False,post_translational,P04275,P08514
CTSG,F2RL2,functional,functional,ligand,receptor,resource_specific,resource_specific,True,False,1,10,True,1,,,,protein,protein,False,True,3,1,3,ligand,receptor,False,False,False,True,False,True,HPRD:11307827,11307827,generic,generic,False,False,CellChatDB;HPRD;Wang,True,False,post_translational,P08311,O00254
PLG,F2RL2,functional,functional,ligand,receptor,resource_specific,resource_specific,True,False,7,10,True,0,,,,protein,protein,False,True,2,,2,ligand,receptor,False,False,False,True,False,True,,,generic,generic,True,False,CellChatDB;Wang,True,False,post_translational,P00747,O00254
CTSG,F2RL3,functional,functional,ligand,receptor,resource_specific,resource_specific,True,False,1,10,True,0,,,,protein,protein,False,True,2,,2,ligand,receptor,False,False,False,True,False,True,,,generic,generic,False,False,CellChatDB;Wang,True,False,post_translational,P08311,Q96RI0
PLG,F2RL3,functional,functional,ligand,receptor,resource_specific,resource_specific,True,False,7,10,True,0,,,,protein,protein,False,True,2,,2,ligand,receptor,False,False,False,True,False,True,,,generic,generic,True,False,CellChatDB;Wang,True,False,post_translational,P00747,Q96RI0
VWF,GP1BB,functional,functional,ligand,receptor,resource_specific,resource_specific,False,False,7,3,False,0,,,,protein,complex,False,False,1,,1,ligand,receptor,False,False,False,True,False,True,,,generic,generic,True,False,CellPhoneDB,True,False,post_translational,P04275,COMPLEX:P07359_P13224
VWF,GP9,functional,functional,ligand,receptor,resource_specific,resource_specific,True,False,7,5,True,0,,,,protein,protein,False,True,1,,1,ligand,receptor,False,False,False,True,False,True,,,generic,generic,True,False,Wang,True,False,post_translational,P04275,P14770
APOE,TREM2,functional,functional,ligand,receptor,resource_specific,resource_specific,False,False,6,9,False,2,,,,protein,protein,False,False,2,2,2,ligand,receptor,False,False,False,True,False,True,CellTalkDB:27477018;IntAct:30341064,27477018;30341064,generic,generic,True,True,CellTalkDB;IntAct,True,False,post_translational,P02649,Q9NZC2
CD34,SELL,functional,functional,ligand,receptor,resource_specific,resource_specific,True,False,4,7,True,4,,,,protein,protein,False,True,10,2,15,ligand,receptor,False,False,True,True,False,True,Baccin2019:12889478;CellTalkDB:7692600;LRdb:12889478;connectomeDB2020:12889478,12889478;7692600,generic,generic,False,False,Baccin2019;CellPhoneDB;CellTalkDB;EMBRACE;Fantom5_LRdb;HPMR_LRdb;HPMR_talklr;LRdb;Ramilowski2015;Ramilowski2015_Baccin2019;STRING_talklr;Wang;connectomeDB2020;iTALK;talklr,True,False,post_translational,P28906,P14151
PLG,PLGRKT,functional,functional,ligand,receptor,resource_specific,resource_specific,False,False,7,5,False,5,,,,protein,protein,False,False,8,1,10,ligand,receptor,False,False,False,False,False,True,CellTalkDB:19897580;LRdb:19897580;Ramilowski2015:19897580;connectomeDB2020:19897580;talklr:19897580,19897580,generic,generic,True,False,Baccin2019;CellTalkDB;EMBRACE;Fantom5_LRdb;LRdb;Ramilowski2015;Ramilowski2015_Baccin2019;connectomeDB2020;iTALK;talklr,True,False,post_translational,P00747,Q9HBL7
S100A8,CD68,functional,functional,ligand,receptor,resource_specific,resource_specific,False,False,5,3,False,1,,,,protein,protein,False,False,1,1,1,ligand,receptor,False,False,False,True,False,True,CellTalkDB:27312849,27312849,generic,generic,True,False,CellTalkDB,True,False,post_translational,P05109,P34810
S100A9,CD68,functional,functional,ligand,receptor,resource_specific,resource_specific,False,False,4,3,False,1,,,,protein,protein,False,False,1,1,1,ligand,receptor,False,False,False,True,False,True,CellTalkDB:27312849,27312849,generic,generic,True,False,CellTalkDB,True,False,post_translational,P06702,P34810
IDE,CUL5,functional,functional,ligand,receptor,resource_specific,resource_specific,True,False,1,1,True,0,,,,protein,protein,False,True,1,,1,ligand,receptor,False,False,False,False,False,True,,,generic,generic,True,False,Wang,True,False,post_translational,P14735,Q93034
